﻿Senator;State ;Party
Baldwin;WI;D
Barrasso;WY;R
Bennet;CO;D
Blackburn;TN;R
Blumenthal;CT;D
Blunt;MO;R
Booker;NJ;D
Boozman;AR;R
Braun;IN;R
Brown;OH;D
Burr;NC;R
Cantwell;WA;D
Capito;WV;R
Cardin;MD;D
Carper;DE;D
Casey;PA;D
Cassidy;LA;R
Collins;ME;R
Coons;DE;D
Cornyn;TX;R
Cortez Masto;NV;D
Cotton;AR;R
Cramer;ND;R
Crapo;ID;R
Cruz;TX;R
Daines;MT;R
Duckworth;IL;D
Durbin;IL;D
Ernst;IA;R
Feinstein;CA;D
Fischer;NE;R
Gillibrand;NY;D
Graham;SC;R
Grassley;IA;R
Hagerty;TN;R
Hassan;NH;D
Hawley;MO;R
Heinrich;NM;D
Hickenlooper;CO;D
Hirono;HI;D
Hoeven;ND;R
Hyde-Smith;MS;R
Inhofe;OK;R
Johnson;WI;R
Kaine;VA;D
Kelly;AZ;D
Kennedy;LA;R
King;ME;D
Klobuchar;MN;D
Lankford;OK;R
Leahy;VT;D
Lee;UT;R
Luján;NM;D
Lummis;WY;R
Manchin;WV;D
Markey;MA;D
Marshall;KS;R
McConnell;KY;R
Menendez;NJ;D
Merkley;OR;D
Moran;KS;R
Murkowski;AK;R
Murphy;CT;D
Murray;WA;D
Ossoff;GA;D
Padilla;CA;D
Paul;KY;R
Peters;MI;D
Portman;OH;R
Reed;RI;D
Risch;ID;R
Romney;UT;R
Rosen;NV;D
Rounds;SD;R
Rubio;FL;R
Sanders;VT;D
Sasse;NE;R
Schatz;HI;D
Schumer;NY;D
R. Scott;FL;R
T. Scott;SC;R
Shaheen;NH;D
Shelby;AL;R
Sinema;AZ;D
Smith;MN;D
Stabenow;MI;D
Sullivan;AK;R
Tester;MT;D
Thune;SD;R
Tillis;NC;R
Toomey;PA;R
Tuberville;AL;R
Van Hollen;MD;D
Warner;VA;D
Warnock;GA;D
Warren;MA;D
Whitehouse;RI;D
Wicker;MS;R
Wyden;OR;D
Young;IN;R
