﻿FirstName;LastName;Full Name;Twitter Handle;St/Dis;State;Party
Alma;Adams;Alma Adams;RepAdams;NC12;NC;D
Robert;Aderholt;Robert Aderholt;Robert_Aderholt;AL04;AL;R
Pete;Aguilar;Pete Aguilar;RepPeteAguilar;CA31;CA;D
Rick;Allen;Rick Allen;RepRickAllen;GA12;GA;R
Colin;Allred;Colin Allred;RepColinAllred;TX32;TX;D
Mark;Amodei;Mark Amodei;MarkAmodeiNV2;NV02;NV;R
Kelly;Armstrong;Kelly Armstrong;RepArmstrongND;ND00;ND;R
Jodey;Arrington;Jodey Arrington;RepArrington;TX19;TX;R
Jake;Auchincloss;Jake Auchincloss;RepAuchincloss;MA04;MA;D
Cynthia;Axne;Cynthia Axne;RepCindyAxne;IA03;IA;D
Brian;Babin;Brian Babin;RepBrianBabin;TX36;TX;R
Don;Bacon;Don Bacon;RepDonBacon;NE02;NE;R
James;Baird;James Baird;RepJimBaird;IN04;IN;R
Troy;Balderson;Troy Balderson;RepBalderson;OH12;OH;R
Jim;Banks;Jim Banks;RepJimBanks;IN03;IN;R
Andy;Barr;Andy Barr;RepAndyBarr;KY06;KY;R
Nanette;Barragán;Nanette Barragán;RepBarragan;CA44;CA;D
Karen;Bass;Karen Bass;RepKarenBass;CA37;CA;D
Joyce;Beatty;Joyce Beatty;RepBeatty;OH03;OH;D
Cliff;Bentz;Cliff Bentz;RepBentz;OR02;OR;R
Ami;Bera;Ami Bera;RepBera;CA07;CA;D
Jack;Bergman;Jack Bergman;RepJackBergman;MI01;MI;R
Donald;Beyer;Donald Beyer;RepDonBeyer;VA08;VA;D
Stephanie;Bice;Stephanie Bice;RepBice;OK05;OK;R
Andy;Biggs;Andy Biggs;RepAndyBiggsAZ;AZ05;AZ;R
Gus;Bilirakis;Gus Bilirakis;RepGusBilirakis;FL12;FL;R
Dan;Bishop;Dan Bishop;RepDanBishop;NC09;NC;R
Sanford;Bishop;Sanford Bishop;SanfordBishop;GA02;GA;D
Earl;Blumenauer;Earl Blumenauer;repblumenauer;OR03;OR;D
Lisa;Blunt Rochester;Lisa Blunt Rochester;RepLBR;DE00;DE;D
Lauren;Boebert;Lauren Boebert;RepBoebert;CO03;CO;R
Suzanne;Bonamici;Suzanne Bonamici;RepBonamici;OR01;OR;D
Mike;Bost;Mike Bost;RepBost;IL12;IL;R
Carolyn;Bourdeaux;Carolyn Bourdeaux;RepBourdeaux;GA07;GA;D
Jamaal;Bowman;Jamaal Bowman;RepBowman;NY16;NY;D
Brendan;Boyle;Brendan Boyle;CongBoyle;PA02;PA;D
Kevin;Brady;Kevin Brady;RepKevinBrady;TX08;TX;R
Mo;Brooks;Mo Brooks;RepMoBrooks;AL05;AL;R
Anthony;Brown;Anthony Brown;RepAnthonyBrown;MD04;MD;D
Shontel;Brown;Shontel Brown;RepShontelBrown;OH11;OH;D
Julia;Brownley;Julia Brownley;RepBrownley;CA26;CA;D
Vern;Buchanan;Vern Buchanan;VernBuchanan;FL16;FL;R
Ken;Buck;Ken Buck;RepKenBuck;CO04;CO;R
Larry;Bucshon;Larry Bucshon;RepLarryBucshon;IN08;IN;R
Ted;Budd;Ted Budd;RepTedBudd;NC13;NC;R
Tim;Burchett;Tim Burchett;RepTimBurchett;TN02;TN;R
Michael;Burgess;Michael Burgess;michaelcburgess;TX26;TX;R
Cori;Bush;Cori Bush;RepCori;MO01;MO;D
Cheri;Bustos;Cheri Bustos;RepCheri;IL17;IL;D
G.;Butterfield;G. Butterfield;GKButterfield;NC01;NC;D
Ken;Calvert;Ken Calvert;KenCalvert;CA42;CA;R
Kat;Cammack;Kat Cammack;RepKatCammack;FL03;FL;R
Salud;Carbajal;Salud Carbajal;RepCarbajal;CA24;CA;D
Tony;Cárdenas;Tony Cárdenas;RepCardenas;CA29;CA;D
Mike;Carey;Mike Carey;RepMikeCarey;OH15;OH;R
Jerry;Carl;Jerry Carl;RepJerryCarl;AL01;AL;R
André;Carson;André Carson;RepAndreCarson;IN07;IN;D
Buddy;Carter;Buddy Carter;RepBuddyCarter;GA01;GA;R
John;Carter;John Carter;JudgeCarter;TX31;TX;R
Troy;Carter;Troy Carter;RepTroyCarter;LA02;LA;D
Matt;Cartwright;Matt Cartwright;RepCartwright;PA08;PA;D
Ed;Case;Ed Case;RepEdCase;HI01;HI;D
Sean;Casten;Sean Casten;RepCasten;IL06;IL;D
Kathy;Castor;Kathy Castor;USRepKCastor;FL14;FL;D
Joaquin;Castro;Joaquin Castro;JoaquinCastrotx;TX20;TX;D
Madison;Cawthorn;Madison Cawthorn;RepCawthorn;NC11;NC;R
Steve;Chabot;Steve Chabot;RepSteveChabot;OH01;OH;R
Liz;Cheney;Liz Cheney;RepLizCheney;WY00;WY;R
Judy;Chu;Judy Chu;RepJudyChu;CA27;CA;D
David;Cicilline;David Cicilline;RepCicilline;RI01;RI;D
Katherine;Clark;Katherine Clark;RepKClark;MA05;MA;D
Yvette;Clarke;Yvette Clarke;RepYvetteClarke;NY09;NY;D
Emanuel;Cleaver;Emanuel Cleaver;repcleaver;MO05;MO;D
Ben;Cline;Ben Cline;RepBenCline;VA06;VA;R
Michael;Cloud;Michael Cloud;RepCloudTX;TX27;TX;R
James;Clyburn;James Clyburn;WhipClyburn;SC06;SC;D
Andrew;Clyde;Andrew Clyde;Rep_Clyde;GA09;GA;R
Steve;Cohen;Steve Cohen;RepCohen;TN09;TN;D
Tom;Cole;Tom Cole;TomColeOK04;OK04;OK;R
James;Comer;James Comer;RepJamesComer;KY01;KY;R
Gerald;Connolly;Gerald Connolly;GerryConnolly;VA11;VA;D
Jim;Cooper;Jim Cooper;repjimcooper;TN05;TN;D
Lou;Correa;Lou Correa;RepLouCorrea;CA46;CA;D
Jim;Costa;Jim Costa;RepJimCosta;CA16;CA;D
Joe;Courtney;Joe Courtney;RepJoeCourtney;CT02;CT;D
Angie;Craig;Angie Craig;RepAngieCraig;MN02;MN;D
Ric;Crawford;Ric Crawford;RepRickCrawford;AR01;AR;R
Dan;Crenshaw;Dan Crenshaw;RepDanCrenshaw;TX02;TX;R
Jason;Crow;Jason Crow;RepJasonCrow;CO06;CO;D
Henry;Cuellar;Henry Cuellar;RepCuellar;TX28;TX;D
John;Curtis;John Curtis;RepJohnCurtis;UT03;UT;R
Sharice;Davids;Sharice Davids;RepDavids;KS03;KS;D
Warren;Davidson;Warren Davidson;WarrenDavidson;OH08;OH;R
Danny;Davis;Danny Davis;RepDannyDavis;IL07;IL;D
Rodney;Davis;Rodney Davis;RodneyDavis;IL13;IL;R
Madeleine;Dean;Madeleine Dean;RepDean;PA04;PA;D
Peter;DeFazio;Peter DeFazio;RepPeterDeFazio;OR04;OR;D
Diana;DeGette;Diana DeGette;RepDianaDeGette;CO01;CO;D
Rosa;DeLauro;Rosa DeLauro;rosadelauro;CT03;CT;D
Suzan;DelBene;Suzan DelBene;RepDelBene;WA01;WA;D
Val;Demings;Val Demings;RepValDemings;FL10;FL;D
Mark;DeSaulnier;Mark DeSaulnier;RepDeSaulnier;CA11;CA;D
Scott;DesJarlais;Scott DesJarlais;DesJarlaisTN04;TN04;TN;R
Theodore;Deutch;Theodore Deutch;RepTedDeutch;FL22;FL;D
Mario;Diaz-Balart;Mario Diaz-Balart;MarioDB;FL25;FL;R
Debbie;Dingell;Debbie Dingell;RepDebDingell;MI12;MI;D
Lloyd;Doggett;Lloyd Doggett;RepLloydDoggett;TX35;TX;D
Byron;Donalds;Byron Donalds;RepDonaldsPress;FL19;FL;R
Michael;Doyle;Michael Doyle;USRepMikeDoyle;PA18;PA;D
Jeff;Duncan;Jeff Duncan;RepJeffDuncan;SC03;SC;R
Neal;Dunn;Neal Dunn;DrNealDunnFL2;FL02;FL;R
Jake;Ellzey;Jake Ellzey;RepEllzey;TX06;TX;R
Tom;Emmer;Tom Emmer;RepTomEmmer;MN06;MN;R
Veronica;Escobar;Veronica Escobar;RepEscobar;TX16;TX;D
Anna;Eshoo;Anna Eshoo;RepAnnaEshoo;CA18;CA;D
Adriano;Espaillat;Adriano Espaillat;RepEspaillat;NY13;NY;D
Ron;Estes;Ron Estes;RepRonEstes;KS04;KS;R
Dwight;Evans;Dwight Evans;RepDwightEvans;PA03;PA;D
Pat;Fallon;Pat Fallon;RepPatFallon;TX04;TX;R
Randy;Feenstra;Randy Feenstra;RepFeenstra;IA04;IA;R
Drew;Ferguson;Drew Ferguson;RepDrewFerguson;GA03;GA;R
Michelle;Fischbach;Michelle Fischbach;RepFischbach;MN07;MN;R
Scott;Fitzgerald;Scott Fitzgerald;RepFitzgerald;WI05;WI;R
Brian;Fitzpatrick;Brian Fitzpatrick;RepBrianFitz;PA01;PA;R
Chuck;Fleischmann;Chuck Fleischmann;RepChuck;TN03;TN;R
Lizzie;Fletcher;Lizzie Fletcher;RepFletcher;TX07;TX;D
Bill;Foster;Bill Foster;RepBillFoster;IL11;IL;D
Virginia;Foxx;Virginia Foxx;virginiafoxx;NC05;NC;R
Lois;Frankel;Lois Frankel;RepLoisFrankel;FL21;FL;D
Scott;Franklin;Scott Franklin;RepFranklin;FL15;FL;R
Russ;Fulcher;Russ Fulcher;RepRussFulcher;ID01;ID;R
Matt;Gaetz;Matt Gaetz;RepMattGaetz;FL01;FL;R
Mike;Gallagher;Mike Gallagher;RepGallagher;WI08;WI;R
Ruben;Gallego;Ruben Gallego;RepRubenGallego;AZ07;AZ;D
John;Garamendi;John Garamendi;RepGaramendi;CA03;CA;D
Andrew;Garbarino;Andrew Garbarino;RepGarbarino;NY02;NY;R
Mike;Garcia;Mike Garcia;RepMikeGarcia;CA25;CA;R
Sylvia;Garcia;Sylvia Garcia;RepSylviaGarcia;TX29;TX;D
Chuy;García;Chuy García;RepChuyGarcia;IL04;IL;D
Bob;Gibbs;Bob Gibbs;RepBobGibbs;OH07;OH;R
Carlos;Gimenez;Carlos Gimenez;RepCarlos;FL26;FL;R
Louie;Gohmert;Louie Gohmert;replouiegohmert;TX01;TX;R
Jared;Golden;Jared Golden;RepGolden;ME02;ME;D
Jimmy;Gomez;Jimmy Gomez;RepJimmyGomez;CA34;CA;D
Tony;Gonzales;Tony Gonzales;RepTonyGonzales;TX23;TX;R
Anthony;Gonzalez;Anthony Gonzalez;RepAGonzalez;OH16;OH;R
Vicente;Gonzalez;Vicente Gonzalez;RepGonzalez;TX15;TX;D
Bob;Good;Bob Good;RepBobGood;VA05;VA;R
Paul;Gosar;Paul Gosar;RepGosar;AZ04;AZ;R
Josh;Gottheimer;Josh Gottheimer;RepJoshG;NJ05;NJ;D
Kay;Granger;Kay Granger;RepKayGranger;TX12;TX;R
Garret;Graves;Garret Graves;RepGarretGraves;LA06;LA;R
Sam;Graves;Sam Graves;RepSamGraves;MO06;MO;R
Al;Green;Al Green;RepAlGreen;TX09;TX;D
Mark;Green;Mark Green;RepMarkGreen;TN07;TN;R
Marjorie;Greene;Marjorie Greene;RepMTG;GA14;GA;R
Morgan;Griffith;Morgan Griffith;RepMGriffith;VA09;VA;R
Raúl;Grijalva;Raúl Grijalva;RepRaulGrijalva;AZ03;AZ;D
Glenn;Grothman;Glenn Grothman;RepGrothman;WI06;WI;R
Michael;Guest;Michael Guest;RepMichaelGuest;MS03;MS;R
Brett;Guthrie;Brett Guthrie;RepGuthrie;KY02;KY;R
Josh;Harder;Josh Harder;RepJoshHarder;CA10;CA;D
Andy;Harris;Andy Harris;RepAndyHarrisMD;MD01;MD;R
Diana;Harshbarger;Diana Harshbarger;RepHarshbarger;TN01;TN;R
Vicky;Hartzler;Vicky Hartzler;RepHartzler;MO04;MO;R
Jahana;Hayes;Jahana Hayes;RepJahanaHayes;CT05;CT;D
Kevin;Hern;Kevin Hern;repkevinhern;OK01;OK;R
Yvette;Herrell;Yvette Herrell;RepHerrell;NM02;NM;R
Jaime;Herrera Beutler;Jaime Herrera Beutler;HerreraBeutler;WA03;WA;R
Jody;Hice;Jody Hice;CongressmanHice;GA10;GA;R
Brian;Higgins;Brian Higgins;RepBrianHiggins;NY26;NY;D
Clay;Higgins;Clay Higgins;RepClayHiggins;LA03;LA;R
French;Hill;French Hill;RepFrenchHill;AR02;AR;R
Ashley;Hinson;Ashley Hinson;RepAshleyHinson;IA01;IA;R
Trey;Hollingsworth;Trey Hollingsworth;RepTrey;IN09;IN;R
Steven;Horsford;Steven Horsford;RepHorsford;NV04;NV;D
Chrissy;Houlahan;Chrissy Houlahan;RepHoulahan;PA06;PA;D
Steny;Hoyer;Steny Hoyer;LeaderHoyer;MD05;MD;D
Richard;Hudson;Richard Hudson;RepRichHudson;NC08;NC;R
Jared;Huffman;Jared Huffman;RepHuffman;CA02;CA;D
Bill;Huizenga;Bill Huizenga;RepHuizenga;MI02;MI;R
Darrell;Issa;Darrell Issa;repdarrellissa;CA50;CA;R
Ronny;Jackson;Ronny Jackson;RepRonnyJackson;TX13;TX;R
Sheila;Jackson Lee;Sheila Jackson Lee;JacksonLeeTX18;TX18;TX;D
Chris;Jacobs;Chris Jacobs;RepJacobs;NY27;NY;R
Sara;Jacobs;Sara Jacobs;RepSaraJacobs;CA53;CA;D
Pramila;Jayapal;Pramila Jayapal;RepJayapal;WA07;WA;D
Hakeem;Jeffries;Hakeem Jeffries;RepJeffries;NY08;NY;D
Bill;Johnson;Bill Johnson;RepBillJohnson;OH06;OH;R
Dusty;Johnson;Dusty Johnson;RepDustyJohnson;SD00;SD;R
Eddie;Johnson;Eddie Johnson;RepEBJ;TX30;TX;D
Hank;Johnson;Hank Johnson;RepHankJohnson;GA04;GA;D
Mike;Johnson;Mike Johnson;RepMikeJohnson;LA04;LA;R
Mondaire;Jones;Mondaire Jones;RepMondaire;NY17;NY;D
Jim;Jordan;Jim Jordan;Jim_Jordan;OH04;OH;R
David;Joyce;David Joyce;RepDaveJoyce;OH14;OH;R
John;Joyce;John Joyce;RepJohnJoyce;PA13;PA;R
Kaiali'i;Kahele;Kaiali'i Kahele;RepKahele;HI02;HI;D
Marcy;Kaptur;Marcy Kaptur;RepMarcyKaptur;OH09;OH;D
John;Katko;John Katko;RepJohnKatko;NY24;NY;R
Bill ;Keating;Bill  Keating;USRepKeating;MA09;MA;D
Fred;Keller;Fred Keller;RepFredKeller;PA12;PA;R
Mike;Kelly;Mike Kelly;MikeKellyPA;PA16;PA;R
Robin;Kelly;Robin Kelly;RepRobinKelly;IL02;IL;D
Trent;Kelly;Trent Kelly;RepTrentKelly;MS01;MS;R
Ro;Khanna;Ro Khanna;RepRoKhanna;CA17;CA;D
Dan;Kildee;Dan Kildee;RepDanKildee;MI05;MI;D
Derek;Kilmer;Derek Kilmer;RepDerekKilmer;WA06;WA;D
Andy;Kim;Andy Kim;RepAndyKimNJ;NJ03;NJ;D
Young;Kim;Young Kim;RepYoungKim;CA39;CA;R
Ron;Kind;Ron Kind;RepRonKind;WI03;WI;D
Adam;Kinzinger;Adam Kinzinger;RepKinzinger;IL16;IL;R
Ann;Kirkpatrick;Ann Kirkpatrick;RepKirkpatrick;AZ02;AZ;D
Raja;Krishnamoorthi;Raja Krishnamoorthi;CongressmanRaja;IL08;IL;D
Ann;Kuster;Ann Kuster;RepAnnieKuster;NH02;NH;D
David;Kustoff;David Kustoff;RepDavidKustoff;TN08;TN;R
Darin;LaHood;Darin LaHood;RepLaHood;IL18;IL;R
Doug;LaMalfa;Doug LaMalfa;RepLaMalfa;CA01;CA;R
Conor;Lamb;Conor Lamb;RepConorLamb;PA17;PA;D
Doug;Lamborn;Doug Lamborn;RepDLamborn;CO05;CO;R
James;Langevin;James Langevin;JimLangevin;RI02;RI;D
Rick;Larsen;Rick Larsen;RepRickLarsen;WA02;WA;D
John;Larson;John Larson;RepJohnLarson;CT01;CT;D
Bob;Latta;Bob Latta;boblatta;OH05;OH;R
Jake;LaTurner;Jake LaTurner;RepLaTurner;KS02;KS;R
Brenda;Lawrence;Brenda Lawrence;RepLawrence;MI14;MI;D
Al;Lawson;Al Lawson;RepAlLawsonJr;FL05;FL;D
Barbara;Lee;Barbara Lee;RepBarbaraLee;CA13;CA;D
Susie;Lee;Susie Lee;RepSusieLee;NV03;NV;D
Teresa;Leger Fernandez;Teresa Leger Fernandez;RepTeresaLF;NM03;NM;D
Debbie;Lesko;Debbie Lesko;RepDLesko;AZ08;AZ;R
Julia;Letlow;Julia Letlow;repjulialetlow;LA05;LA;R
Andy;Levin;Andy Levin;RepAndyLevin;MI09;MI;D
Mike;Levin;Mike Levin;RepMikeLevin;CA49;CA;D
Ted;Lieu;Ted Lieu;RepTedLieu;CA33;CA;D
Zoe;Lofgren;Zoe Lofgren;RepZoeLofgren;CA19;CA;D
Billy;Long;Billy Long;USRepLong;MO07;MO;R
Barry;Loudermilk;Barry Loudermilk;RepLoudermilk;GA11;GA;R
Alan;Lowenthal;Alan Lowenthal;RepLowenthal;CA47;CA;D
Frank;Lucas;Frank Lucas;RepFrankLucas;OK03;OK;R
Blaine;Luetkemeyer;Blaine Luetkemeyer;RepBlaine;MO03;MO;R
Elaine;Luria;Elaine Luria;RepElaineLuria;VA02;VA;D
Stephen;Lynch;Stephen Lynch;RepStephenLynch;MA08;MA;D
Nancy;Mace;Nancy Mace;RepNancyMace;SC01;SC;R
Tom;Malinowski;Tom Malinowski;RepMalinowski;NJ07;NJ;D
Nicole;Malliotakis;Nicole Malliotakis;RepMalliotakis;NY11;NY;R
Carolyn;Maloney;Carolyn Maloney;RepMaloney;NY12;NY;D
Sean;Maloney;Sean Maloney;RepSeanMaloney;NY18;NY;D
Tracey;Mann;Tracey Mann;RepMann;KS01;KS;R
Kathy;Manning;Kathy Manning;RepKManning;NC06;NC;D
Thomas;Massie;Thomas Massie;RepThomasMassie;KY04;KY;R
Brian;Mast;Brian Mast;RepBrianMast;FL18;FL;R
Doris;Matsui;Doris Matsui;DorisMatsui;CA06;CA;D
Lucy;McBath;Lucy McBath;RepLucyMcBath;GA06;GA;D
Kevin;McCarthy;Kevin McCarthy;GOPLeader;CA23;CA;R
Michael;McCaul;Michael McCaul;RepMcCaul;TX10;TX;R
Lisa;McClain;Lisa McClain;RepLisaMcClain;MI10;MI;R
Tom;McClintock;Tom McClintock;RepMcClintock;CA04;CA;R
Betty;McCollum;Betty McCollum;BettyMcCollum04;MN04;MN;D
A.;McEachin;A. McEachin;RepMcEachin;VA04;VA;D
James;McGovern;James McGovern;RepMcGovern;MA02;MA;D
Patrick;McHenry;Patrick McHenry;PatrickMcHenry;NC10;NC;R
David;McKinley;David McKinley;RepMcKinley;WV01;WV;R
Jerry;McNerney;Jerry McNerney;RepMcNerney;CA09;CA;D
Gregory;Meeks;Gregory Meeks;RepGregoryMeeks;NY05;NY;D
Peter;Meijer;Peter Meijer;RepMeijer;MI03;MI;R
Grace;Meng;Grace Meng;RepGraceMeng;NY06;NY;D
Daniel;Meuser;Daniel Meuser;RepMeuser;PA09;PA;R
Kweisi;Mfume;Kweisi Mfume;RepKweisiMfume;MD07;MD;D
Carol;Miller;Carol Miller;RepCarolMiller;WV03;WV;R
Mary;Miller;Mary Miller;RepMaryMiller;IL15;IL;R
Mariannette;Miller-Meeks;Mariannette Miller-Meeks;RepMMM;IA02;IA;R
John;Moolenaar;John Moolenaar;RepMoolenaar;MI04;MI;R
Alexander;Mooney;Alexander Mooney;RepAlexMooney;WV02;WV;R
Barry;Moore;Barry Moore;RepBarryMoore;AL02;AL;R
Blake;Moore;Blake Moore;RepBlakeMoore;UT01;UT;R
Gwen;Moore;Gwen Moore;RepGwenMoore;WI04;WI;D
Joe;Morelle;Joe Morelle;RepJoeMorelle;NY25;NY;D
Seth;Moulton;Seth Moulton;sethmoulton;MA06;MA;D
Frank;Mrvan;Frank Mrvan;RepMrvan;IN01;IN;D
Markwayne;Mullin;Markwayne Mullin;RepMullin;OK02;OK;R
Gregory;Murphy;Gregory Murphy;RepGregMurphy;NC03;NC;R
Stephanie;Murphy;Stephanie Murphy;RepStephMurphy;FL07;FL;D
Jerrold;Nadler;Jerrold Nadler;RepJerryNadler;NY10;NY;D
Grace;Napolitano;Grace Napolitano;gracenapolitano;CA32;CA;D
Richard;Neal;Richard Neal;RepRichardNeal;MA01;MA;D
Joe;Neguse;Joe Neguse;RepJoeNeguse;CO02;CO;D
Troy;Nehls;Troy Nehls;RepTroyNehls;TX22;TX;R
Dan;Newhouse;Dan Newhouse;RepNewhouse;WA04;WA;R
Marie;Newman;Marie Newman;RepMarieNewman;IL03;IL;D
Donald;Norcross;Donald Norcross;DonaldNorcross;NJ01;NJ;D
Ralph;Norman;Ralph Norman;RepRalphNorman;SC05;SC;R
Jay;Obernolte;Jay Obernolte;JayObernolte;CA08;CA;R
Alexandria;Ocasio-Cortez;Alexandria Ocasio-Cortez;RepAOC;NY14;NY;D
Tom;O'Halleran;Tom O'Halleran;RepOHalleran;AZ01;AZ;D
Ilhan;Omar;Ilhan Omar;Ilhan;MN05;MN;D
Burgess;Owens;Burgess Owens;RepBurgessOwens;UT04;UT;R
Steven;Palazzo;Steven Palazzo;CongPalazzo;MS04;MS;R
Frank;Pallone;Frank Pallone;FrankPallone;NJ06;NJ;D
Gary;Palmer;Gary Palmer;USRepGaryPalmer;AL06;AL;R
Jimmy;Panetta;Jimmy Panetta;RepJimmyPanetta;CA20;CA;D
Chris;Pappas;Chris Pappas;RepChrisPappas;NH01;NH;D
Bill;Pascrell;Bill Pascrell;BillPascrell;NJ09;NJ;D
Donald;Payne;Donald Payne;RepDonaldPayne;NJ10;NJ;D
Nancy;Pelosi;Nancy Pelosi;SpeakerPelosi;CA12;CA;D
Greg;Pence;Greg Pence;RepGregPence;IN06;IN;R
Ed;Perlmutter;Ed Perlmutter;RepPerlmutter;CO07;CO;D
Scott;Perry;Scott Perry;RepScottPerry;PA10;PA;R
Scott;Peters;Scott Peters;RepScottPeters;CA52;CA;D
August;Pfluger;August Pfluger;RepPfluger;TX11;TX;R
Dean;Phillips;Dean Phillips;RepDeanPhillips;MN03;MN;D
Chellie;Pingree;Chellie Pingree;chelliepingree;ME01;ME;D
Mark;Pocan;Mark Pocan;repmarkpocan;WI02;WI;D
Katie;Porter;Katie Porter;RepKatiePorter;CA45;CA;D
Bill;Posey;Bill Posey;congbillposey;FL08;FL;R
Ayanna;Pressley;Ayanna Pressley;RepPressley;MA07;MA;D
David;Price;David Price;RepDavidEPrice;NC04;NC;D
Mike;Quigley;Mike Quigley;RepMikeQuigley;IL05;IL;D
Jamie;Raskin;Jamie Raskin;RepRaskin;MD08;MD;D
Guy;Reschenthaler;Guy Reschenthaler;GReschenthaler;PA14;PA;R
Kathleen;Rice;Kathleen Rice;RepKathleenRice;NY04;NY;D
Tom;Rice;Tom Rice;RepTomRice;SC07;SC;R
Cathy;Rodgers;Cathy Rodgers;cathymcmorris;WA05;WA;R
Hal;Rogers;Hal Rogers;RepHalRogers;KY05;KY;R
Mike;Rogers;Mike Rogers;RepMikeRogersAL;AL03;AL;R
John;Rose;John Rose;RepJohnRose;TN06;TN;R
Matthew;Rosendale;Matthew Rosendale;RepRosendale;MT00;MT;R
Deborah;Ross;Deborah Ross;RepDeborahRoss;NC02;NC;D
David;Rouzer;David Rouzer;RepDavidRouzer;NC07;NC;R
Chip;Roy;Chip Roy;RepChipRoy;TX21;TX;R
Lucille;Roybal-Allard;Lucille Roybal-Allard;RepRoybalAllard;CA40;CA;D
Raul;Ruiz;Raul Ruiz;RepRaulRuizMD;CA36;CA;D
Dutch;Ruppersberger;Dutch Ruppersberger;Call_Me_Dutch;MD02;MD;D
Bobby;Rush;Bobby Rush;RepBobbyRush;IL01;IL;D
John;Rutherford;John Rutherford;RepRutherfordFL;FL04;FL;R
Pat ;Ryan;Pat  Ryan;RepPatRyanNY;NY19;NY;D
Tim;Ryan;Tim Ryan;RepTimRyan;OH13;OH;D
Maria;Salazar;Maria Salazar;RepMariaSalazar;FL27;FL;R
Linda;Sánchez;Linda Sánchez;RepLindaSanchez;CA38;CA;D
John;Sarbanes;John Sarbanes;RepSarbanes;MD03;MD;D
Steve;Scalise;Steve Scalise;SteveScalise;LA01;LA;R
Mary;Scanlon;Mary Scanlon;RepMGS;PA05;PA;D
Janice;Schakowsky;Janice Schakowsky;RepSchakowsky;IL09;IL;D
Adam;Schiff;Adam Schiff;RepAdamSchiff;CA28;CA;D
Brad;Schneider;Brad Schneider;RepSchneider;IL10;IL;D
Kurt;Schrader;Kurt Schrader;RepSchrader;OR05;OR;D
Kim;Schrier;Kim Schrier;RepKimSchrier;WA08;WA;D
David;Schweikert;David Schweikert;RepDavid;AZ06;AZ;R
Austin;Scott;Austin Scott;AustinScottGA08;GA08;GA;R
David;Scott;David Scott;repdavidscott;GA13;GA;D
Bobby;Scott;Bobby Scott;BobbyScott;VA03;VA;D
Pete;Sessions;Pete Sessions;PeteSessions;TX17;TX;R
Terri;Sewell;Terri Sewell;RepTerriSewell;AL07;AL;D
Brad;Sherman;Brad Sherman;BradSherman;CA30;CA;D
Mikie;Sherrill;Mikie Sherrill;RepSherrill;NJ11;NJ;D
Mike;Simpson;Mike Simpson;CongMikeSimpson;ID02;ID;R
Albio;Sires;Albio Sires;RepSires;NJ08;NJ;D
Elissa;Slotkin;Elissa Slotkin;RepSlotkin;MI08;MI;D
Adam;Smith;Adam Smith;RepAdamSmith;WA09;WA;D
Adrian;Smith;Adrian Smith;RepAdrianSmith;NE03;NE;R
Jason;Smith;Jason Smith;RepJasonSmith;MO08;MO;R
Lloyd;Smucker;Lloyd Smucker;RepSmucker;PA11;PA;R
Darren;Soto;Darren Soto;RepDarrenSoto;FL09;FL;D
Abigail;Spanberger;Abigail Spanberger;RepSpanberger;VA07;VA;D
Victoria;Spartz;Victoria Spartz;RepSpartz;IN05;IN;R
Jackie;Speier;Jackie Speier;RepSpeier;CA14;CA;D
Melanie ;Stansbury;Melanie  Stansbury;Rep_Stansbury;NM01;NM;D
Greg;Stanton;Greg Stanton;RepGregStanton;AZ09;AZ;D
Pete;Stauber;Pete Stauber;RepPeteStauber;MN08;MN;R
Michelle;Steel;Michelle Steel;RepSteel;CA48;CA;R
Elise;Stefanik;Elise Stefanik;RepStefanik;NY21;NY;R
Bryan;Steil;Bryan Steil;RepBryanSteil;WI01;WI;R
W.;Steube;W. Steube;RepGregSteube;FL17;FL;R
Haley;Stevens;Haley Stevens;RepHaleyStevens;MI11;MI;D
Chris;Stewart;Chris Stewart;RepChrisStewart;UT02;UT;R
Marilyn;Strickland;Marilyn Strickland;RepStricklandWA;WA10;WA;D
Thomas;Suozzi;Thomas Suozzi;RepTomSuozzi;NY03;NY;D
Eric;Swalwell;Eric Swalwell;RepSwalwell;CA15;CA;D
Mark;Takano;Mark Takano;RepMarkTakano;CA41;CA;D
Van;Taylor;Van Taylor;RepVanTaylor;TX03;TX;R
Claudia;Tenney;Claudia Tenney;RepTenney;NY22;NY;R
Bennie;Thompson;Bennie Thompson;BennieGThompson;MS02;MS;D
Glenn;Thompson;Glenn Thompson;CongressmanGT;PA15;PA;R
Mike;Thompson;Mike Thompson;RepThompson;CA05;CA;D
Thomas;Tiffany;Thomas Tiffany;RepTiffany;WI07;WI;R
William;Timmons;William Timmons;RepTimmons;SC04;SC;R
Dina;Titus;Dina Titus;repdinatitus;NV01;NV;D
Rashida;Tlaib;Rashida Tlaib;RepRashida;MI13;MI;D
Paul;Tonko;Paul Tonko;RepPaulTonko;NY20;NY;D
Norma;Torres;Norma Torres;NormaJTorres;CA35;CA;D
Ritchie;Torres;Ritchie Torres;RepRitchie;NY15;NY;D
Lori;Trahan;Lori Trahan;RepLoriTrahan;MA03;MA;D
David;Trone;David Trone;RepDavidTrone;MD06;MD;D
Michael;Turner;Michael Turner;RepMikeTurner;OH10;OH;R
Lauren;Underwood;Lauren Underwood;RepUnderwood;IL14;IL;D
Fred;Upton;Fred Upton;RepFredUpton;MI06;MI;R
David;Valadao;David Valadao;RepDavidValadao;CA21;CA;R
Beth;Van Duyne;Beth Van Duyne;RepBethVanDuyne;TX24;TX;R
Juan;Vargas;Juan Vargas;RepJuanVargas;CA51;CA;D
Marc;Veasey;Marc Veasey;RepVeasey;TX33;TX;D
Nydia;Velázquez;Nydia Velázquez;NydiaVelazquez;NY07;NY;D
Ann;Wagner;Ann Wagner;RepAnnWagner;MO02;MO;R
Tim;Walberg;Tim Walberg;RepWalberg;MI07;MI;R
Jackie;Walorski;Jackie Walorski;RepWalorski;IN02;IN;R
Michael;Waltz;Michael Waltz;RepWaltzPress;FL06;FL;R
Debbie;Wasserman Schultz;Debbie Wasserman Schultz;RepDWStweets;FL23;FL;D
Maxine;Waters;Maxine Waters;RepMaxineWaters;CA43;CA;D
Bonnie;Watson Coleman;Bonnie Watson Coleman;RepBonnie;NJ12;NJ;D
Randy;Weber;Randy Weber;TXRandy14;TX14;TX;R
Daniel;Webster;Daniel Webster;RepWebster;FL11;FL;R
Peter;Welch;Peter Welch;PeterWelch;VT00;VT;D
Brad;Wenstrup;Brad Wenstrup;RepBradWenstrup;OH02;OH;R
Bruce;Westerman;Bruce Westerman;RepWesterman;AR04;AR;R
Jennifer;Wexton;Jennifer Wexton;RepWexton;VA10;VA;D
Susan;Wild;Susan Wild;RepSusanWild;PA07;PA;D
Nikema;Williams;Nikema Williams;RepNikema;GA05;GA;D
Roger;Williams;Roger Williams;RepRWilliams;TX25;TX;R
Frederica;Wilson;Frederica Wilson;RepWilson;FL24;FL;D
Joe;Wilson;Joe Wilson;RepJoeWilson;SC02;SC;R
Robert;Wittman;Robert Wittman;RobWittman;VA01;VA;R
Steve;Womack;Steve Womack;rep_stevewomack;AR03;AR;R
John;Yarmuth;John Yarmuth;RepJohnYarmuth;KY03;KY;D
Lee;Zeldin;Lee Zeldin;RepLeeZeldin;NY01;NY;R
Lance;Gooden;Lance Gooden;Lancegooden;;;R
Jim;Himes;Jim Himes;jahimes;;;D
Jeff ;Van Drew;Jeff Van Drew;Congressman_JVD;;;R