﻿id;icpsr;state_abbrev;district_code;District;cqlabel;name;Last Name;Party;St/Dis
MH11720104;20104;CA;28;28;(CA-28);A. SCHIFF;SCHIFF;D;CA28
MH11720107;20107;CA;50;50;(CA-50);D. ISSA;ISSA;R;CA50
MH11721116;21116;FL;11;11;(FL-11);D. WEBSTER;WEBSTER;R;FL11
MH11721507;21507;CA;33;33;(CA-33);T. LIEU;LIEU;D;CA33
MH11721508;21508;CA;35;35;(CA-35);N. TORRES;TORRES;D;CA35
MH11722138;22138;IL;15;15;(IL-15);M. MILLER;MILLER;R;IL15
MH11722139;22139;IA;2;02;(IA-02);M. MILLER-MEEKS;MILLER-MEEKS;R;IA02
MH11722136;22136;MI;10;10;(MI-10);L. MCCLAIN;MCCLAIN;R;MI10
MH11722137;22137;MI;3;03;(MI-03);P. MEIJER;MEIJER;R;MI03
MH11722134;22134;KS;1;01;(KS-01);T. MANN;MANN;R;KS01
MH11722135;22135;NC;6;06;(NC-06);K. MANNING;MANNING;D;NC06
MH11722132;22132;SC;1;01;(SC-01);N. MACE;MACE;R;SC01
MH11722133;22133;NY;11;11;(NY-11);N. MALLIOTAKIS;MALLIOTAKIS;R;NY11
MH11722130;22130;KS;2;02;(KS-02);J. LATURNER;LATURNER;R;KS02
MH11722131;22131;NM;3;03;(NM-03);T. LEGER FERNANDEZ;LEGER FERNANDEZ;D;NM03
MH11721356;21356;PA;10;10;(PA-10);S. PERRY;PERRY;R;PA10
MH11721355;21355;OK;2;02;(OK-02);M. MULLIN;MULLIN;R;OK02
MH11721353;21353;OH;14;14;(OH-14);D. JOYCE;JOYCE;R;OH14
MH11721352;21352;OH;3;03;(OH-03);J. BEATTY;BEATTY;D;OH03
MH11721351;21351;OH;2;02;(OH-02);B. WENSTRUP;WENSTRUP;R;OH02
MH11721359;21359;SC;7;07;(SC-07);T. RICE;RICE;R;SC07
MH11721358;21358;PA;8;08;(PA-08);M. CARTWRIGHT;CARTWRIGHT;D;PA08
MH11721525;21525;MA;6;06;(MA-06);S. MOULTON;MOULTON;D;MA06
MH11721526;21526;MI;4;04;(MI-04);J. MOOLENAAR;MOOLENAAR;R;MI04
MH11721919;21919;TX;7;07;(TX-07);E. FLETCHER;FLETCHER;D;TX07
MH11721523;21523;LA;6;06;(LA-06);G. GRAVES;GRAVES;R;LA06
MH11721915;21915;PA;4;04;(PA-04);M. DEAN;DEAN;D;PA04
MH11721914;21914;KS;3;03;(KS-03);S. DAVIDS;DAVIDS;D;KS03
MH11721917;21917;TX;16;16;(TX-16);V. ESCOBAR;ESCOBAR;D;TX16
MH11721911;21911;TX;2;02;(TX-02);D. CRENSHAW;CRENSHAW;R;TX02
MH11721910;21910;MN;2;02;(MN-02);A. CRAIG;CRAIG;D;MN02
MH11721912;21912;CO;6;06;(CO-06);J. CROW;CROW;D;CO06
MH11720530;20530;TX;10;10;(TX-10);M. McCAUL;McCAUL;R;TX10
MH11720533;20533;TX;28;28;(TX-28);H. CUELLAR;CUELLAR;D;TX28
MH11720535;20535;WA;5;05;(WA-05);C. McMORRIS RODGERS;McMORRIS RODGERS;R;WA05
MH11720537;20537;WI;4;04;(WI-04);G. MOORE;MOORE;D;WI04
MH11720538;20538;CA;6;06;(CA-06);D. MATSUI;MATSUI;D;CA06
MH11721759;21759;OH;12;12;(OH-12);T. BALDERSON;BALDERSON;R;OH12
MH11721758;21758;TX;27;27;(TX-27);M. CLOUD;CLOUD;R;TX27
MH11721326;21326;IL;10;10;(IL-10);B. SCHNEIDER;SCHNEIDER;D;IL10
MH11791980;91980;NJ;2;02;(NJ-02);J. VAN DREW;VAN DREW;R;NJ02
MH11721753;21753;SC;5;05;(SC-05);R. NORMAN;NORMAN;R;SC05
MH11721328;21328;IL;13;13;(IL-13);R. DAVIS;DAVIS;R;IL13
MH11721750;21750;KS;4;04;(KS-04);R. ESTES;ESTES;R;KS04
MH11721757;21757;AZ;8;08;(AZ-08);D. LESKO;LESKO;R;AZ08
MH11721756;21756;PA;17;17;(PA-17);C. LAMB;LAMB;D;PA17
MH11715019;15019;TN;5;05;(TN-05);J. COOPER;COOPER;D;TN05
MH11721754;21754;CA;34;34;(CA-34);J. GOMEZ;GOMEZ;D;CA34
MH11720321;20321;GA;13;13;(GA-13);D. SCOTT;SCOTT;D;GA13
MH11721148;21148;MS;4;04;(MS-04);S. PALAZZO;PALAZZO;R;MS04
MH11720322;20322;HI;1;01;(HI-01);E. CASE;CASE;D;HI01
MH11721142;21142;MI;2;02;(MI-02);B. HUIZENGA;HUIZENGA;R;MI02
MH11721140;21140;MA;9;09;(MA-09);W. KEATING;KEATING;D;MA09
MH11729903;29903;CA;32;32;(CA-32);G. NAPOLITANO;NAPOLITANO;D;CA32
MH11729901;29901;CA;5;05;(CA-05);M. THOMPSON;THOMPSON;D;CA05
MH11729908;29908;CT;1;01;(CT-01);J. LARSON;LARSON;D;CT01
MH11729701;29701;AL;4;04;(AL-04);R. ADERHOLT;ADERHOLT;R;AL04
MH11729707;29707;CA;30;30;(CA-30);B. SHERMAN;SHERMAN;D;CA30
MH11721139;21139;MD;1;01;(MD-01);A. HARRIS;HARRIS;R;MD01
MH11721187;21187;WA;3;03;(WA-03);J. HERRERA BEUTLER;HERRERA BEUTLER;R;WA03
MH11721132;21132;IN;8;08;(IN-08);L. BUCSHON;BUCSHON;R;IN08
MH11720145;20145;WA;2;02;(WA-02);R. LARSEN;LARSEN;D;WA02
MH11720920;20920;ME;1;01;(ME-01);C. PINGREE;PINGREE;D;ME01
MH11720927;20927;NV;1;01;(NV-01);A. TITUS;TITUS;D;NV01
MH11720926;20926;MO;3;03;(MO-03);B. LUETKEMEYER;LUETKEMEYER;R;MO03
MH11729346;29346;IL;1;01;(IL-01);B. RUSH;RUSH;D;IL01
MH11729550;29550;OH;1;01;(OH-01);S. CHABOT;CHABOT;R;OH01
MH11720712;20712;GA;4;04;(GA-04);H. JOHNSON;JOHNSON;D;GA04
MH11720946;20946;PA;15;15;(PA-15);G. THOMPSON;THOMPSON;R;PA15
MH11714863;14863;NJ;4;04;(NJ-04);C. SMITH;SMITH;R;NJ04
MH11721762;21762;PA;5;05;(PA-05);M. SCANLON;SCANLON;D;PA05
MH11721763;21763;PA;7;07;(PA-07);S. WILD;WILD;D;PA07
MH11721760;21760;OK;1;01;(OK-01);K. HERN;HERN;R;OK01
MH11721761;21761;NY;25;25;(NY-25);J. MORELLE;MORELLE;D;NY25
MH11722161;22161;OH;11;11;(OH-11);S. BROWN;BROWN;D;OH11
MH11722160;22160;TX;6;06;(TX-06);J. ELLZEY;ELLZEY;R;TX06
MH11722162;22162;OH;15;15;(OH-15);M. CAREY;CAREY;R;OH15
MH11721368;21368;WA;6;06;(WA-06);D. KILMER;KILMER;D;WA06
MH11721367;21367;UT;2;02;(UT-02);C. STEWART;STEWART;R;UT02
MH11721364;21364;TX;25;25;(TX-25);R. WILLIAMS;WILLIAMS;R;TX25
MH11721365;21365;TX;33;33;(TX-33);M. VEASEY;VEASEY;D;TX33
MH11721362;21362;TX;20;20;(TX-20);J. CASTRO;CASTRO;D;TX20
MH11721360;21360;TX;14;14;(TX-14);R. WEBER;WEBER;R;TX14
MH11721717;21717;GA;3;03;(GA-03);A. FERGUSON;FERGUSON;R;GA03
MH11721715;21715;NY;13;13;(NY-13);A. ESPAILLAT;ESPAILLAT;D;NY13
MH11721714;21714;FL;2;02;(FL-02);N. DUNN;DUNN;R;FL02
MH11721713;21713;FL;10;10;(FL-10);V. DEMINGS;DEMINGS;D;FL10
MH11721712;21712;FL;13;13;(FL-13);C. CRIST;CRIST;D;FL13
MH11721711;21711;CA;46;46;(CA-46);J. CORREA;CORREA;D;CA46
MH11721710;21710;WY;1;01;(WY-01);L. CHENEY;CHENEY;R;WY01
MH11721719;21719;FL;1;01;(FL-01);M. GAETZ;GAETZ;R;FL01
MH11721718;21718;PA;1;01;(PA-01);B. FITZPATRICK;FITZPATRICK;R;PA01
MH11721106;21106;AR;1;01;(AR-01);R. CRAWFORD;CRAWFORD;R;AR01
MH11721105;21105;AZ;6;06;(AZ-06);D. SCHWEIKERT;SCHWEIKERT;R;AZ06
MH11721102;21102;AL;7;07;(AL-07);T. SEWELL;SEWELL;D;AL07
MH11721103;21103;AZ;4;04;(AZ-04);P. GOSAR;GOSAR;R;AZ04
MH11721108;21108;AR;3;03;(AR-03);S. WOMACK;WOMACK;R;AR03
MH11721964;21964;NJ;11;11;(NJ-11);M. SHERRILL;SHERRILL;D;NJ11
MH11721726;21726;WA;7;07;(WA-07);P. JAYAPAL;JAYAPAL;D;WA07
MH11721966;21966;VA;7;07;(VA-07);A. SPANBERGER;SPANBERGER;D;VA07
MH11721961;21961;TX;21;21;(TX-21);C. ROY;ROY;R;TX21
MH11721962;21962;WA;8;08;(WA-08);K. SCHRIER;SCHRIER;D;WA08
MH11721968;21968;AZ;9;09;(AZ-09);G. STANTON;STANTON;D;AZ09
MH11721969;21969;MN;8;08;(MN-08);P. STAUBER;STAUBER;R;MN08
MH11721561;21561;MS;1;01;(MS-01);T. KELLY;KELLY;R;MS01
MH11715433;15433;MD;7;07;(MD-07);K. MFUME;MFUME;D;MD07
MH11721563;21563;AR;4;04;(AR-04);B. WESTERMAN;WESTERMAN;R;AR04
MH11721564;21564;OH;8;08;(OH-08);W. DAVIDSON;DAVIDSON;R;OH08
MH11721565;21565;KY;1;01;(KY-01);J. COMER;COMER;R;KY01
MH11721566;21566;PA;3;03;(PA-03);D. EVANS;EVANS;D;PA03
MH11715029;15029;OH;9;09;(OH-09);M. KAPTUR;KAPTUR;D;OH09
MH11715438;15438;NC;4;04;(NC-04);D. PRICE;PRICE;D;NC04
MH11720749;20749;IL;11;11;(IL-11);B. FOSTER;FOSTER;D;IL11
MH11720748;20748;TN;9;09;(TN-09);S. COHEN;COHEN;D;TN09
MH11729759;29759;TX;17;17;(TX-17);P. SESSIONS;SESSIONS;R;TX17
MH11720138;20138;SC;2;02;(SC-02);A. WILSON;WILSON;R;SC02
MH11720136;20136;RI;2;02;(RI-02);J. LANGEVIN;LANGEVIN;D;RI02
MH11720916;20916;KY;2;02;(KY-02);B. GUTHRIE;GUTHRIE;R;KY02
MH11729312;29312;CA;18;18;(CA-18);A. ESHOO;ESHOO;D;CA18
MH11721979;21979;IL;14;14;(IL-14);L. UNDERWOOD;UNDERWOOD;D;IL14
MH11729317;29317;CA;40;40;(CA-40);L. ROYBAL-ALLARD;ROYBAL-ALLARD;D;CA40
MH11722129;22129;CA;39;39;(CA-39);Y. KIM;KIM;R;CA39
MH11722128;22128;HI;2;02;(HI-02);K. KAHELE;KAHELE;D;HI02
MH11722125;22125;TX;13;13;(TX-13);R. JACKSON;JACKSON;R;TX13
MH11722124;22124;IA;1;01;(IA-01);A. HINSON;HINSON;R;IA01
MH11722127;22127;NY;17;17;(NY-17);M. JONES;JONES;D;NY17
MH11722126;22126;CA;53;53;(CA-53);S. JACOBS;JACOBS;D;CA53
MH11722121;22121;GA;14;14;(GA-14);M. GREENE;GREENE;R;GA14
MH11722120;22120;VA;5;05;(VA-05);B. GOOD;GOOD;R;VA05
MH11722123;22123;NM;2;02;(NM-02);Y. HERRELL;HERRELL;R;NM02
MH11722122;22122;TN;1;01;(TN-01);D. HARSHBARGER;HARSHBARGER;R;TN01
MH11721118;21118;FL;24;24;(FL-24);F. WILSON;WILSON;D;FL24
MH11721329;21329;IL;17;17;(IL-17);C. BUSTOS;BUSTOS;D;IL17
MH11721920;21920;ID;1;01;(ID-01);R. FULCHER;FULCHER;R;ID01
MH11721921;21921;IL;4;04;(IL-04);J. GARCÍA;GARCÍA;D;IL04
MH11721922;21922;TX;29;29;(TX-29);S. GARCIA;GARCIA;D;TX29
MH11721923;21923;ME;2;02;(ME-02);J. GOLDEN;GOLDEN;D;ME02
MH11721924;21924;OH;16;16;(OH-16);A. GONZALEZ;GONZALEZ;R;OH16
MH11721925;21925;TX;5;05;(TX-05);L. GOODEN;GOODEN;R;TX05
MH11721926;21926;TN;7;07;(TN-07);M. GREEN;GREEN;R;TN07
MH11721927;21927;MS;3;03;(MS-03);M. GUEST;GUEST;R;MS03
MH11720527;20527;TX;1;01;(TX-01);L. GOHMERT;GOHMERT;R;TX01
MH11720522;20522;NC;10;10;(NC-10);P. McHENRY;McHENRY;R;NC10
MH11720521;20521;NC;5;05;(NC-05);V. FOXX;FOXX;R;NC05
MH11721965;21965;MI;8;08;(MI-08);E. SLOTKIN;SLOTKIN;D;MI08
MH11720529;20529;TX;9;09;(TX-09);A. GREEN;GREEN;D;TX09
MH11721330;21330;IN;2;02;(IN-02);J. WALORSKI;WALORSKI;R;IN02
MH11721333;21333;KY;6;06;(KY-06);G. BARR;BARR;R;KY06
MH11721728;21728;CA;17;17;(CA-17);R. KHANNA;KHANNA;D;CA17
MH11721339;21339;NV;4;04;(NV-04);S. HORSFORD;HORSFORD;D;NV04
MH11721727;21727;LA;4;04;(LA-04);M. JOHNSON;JOHNSON;R;LA04
MH11721724;21724;LA;3;03;(LA-03);C. HIGGINS;HIGGINS;R;LA03
MH11721725;21725;IN;9;09;(IN-09);J. HOLLINGSWORTH;HOLLINGSWORTH;R;IN09
MH11721722;21722;TX;15;15;(TX-15);V. GONZALEZ;GONZALEZ;D;TX15
MH11721723;21723;NJ;5;05;(NJ-05);J. GOTTHEIMER;GOTTHEIMER;D;NJ05
MH11721720;21720;WI;8;08;(WI-08);M. GALLAGHER;GALLAGHER;R;WI08
MH11720316;20316;FL;25;25;(FL-25);M. DIAZ-BALART;DIAZ-BALART;R;FL25
MH11715616;15616;MA;1;01;(MA-01);R. NEAL;NEAL;D;MA01
MH11720310;20310;CA;38;38;(CA-38);L. SÁNCHEZ;SÁNCHEZ;D;CA38
MH11721150;21150;MO;7;07;(MO-07);B. LONG;LONG;R;MO07
MH11729911;29911;IL;9;09;(IL-09);J. SCHAKOWSKY;SCHAKOWSKY;D;IL09
MH11729910;29910;ID;2;02;(ID-02);M. SIMPSON;SIMPSON;R;ID02
MH11729717;29717;IL;7;07;(IL-07);D. DAVIS;DAVIS;D;IL07
MH11729710;29710;CO;1;01;(CO-01);D. DeGETTE;DeGETTE;D;CO01
MH11721539;21539;NY;1;01;(NY-01);L. ZELDIN;ZELDIN;R;NY01
MH11721538;21538;NJ;12;12;(NJ-12);B. WATSON COLEMAN;WATSON COLEMAN;D;NJ12
MH11721531;21531;MN;6;06;(MN-06);T. EMMER;EMMER;R;MN06
MH11721530;21530;MI;14;14;(MI-14);B. LAWRENCE;LAWRENCE;D;MI14
MH11721536;21536;NJ;1;01;(NJ-01);D. NORCROSS;NORCROSS;D;NJ01
MH11720958;20958;CA;3;03;(CA-03);J. GARAMENDI;GARAMENDI;D;CA03
MH11720959;20959;FL;22;22;(FL-22);T. DEUTCH;DEUTCH;D;FL22
MH11720954;20954;IL;5;05;(IL-05);M. QUIGLEY;QUIGLEY;D;IL05
MH11720955;20955;CA;27;27;(CA-27);J. CHU;CHU;D;CA27
MH11720952;20952;VA;11;11;(VA-11);G. CONNOLLY;CONNOLLY;D;VA11
MH11721529;21529;MI;12;12;(MI-12);D. DINGELL;DINGELL;D;MI12
MH11729561;29561;PA;18;18;(PA-18);M. DOYLE;DOYLE;D;PA18
MH11729768;29768;WA;9;09;(WA-09);Adam SMITH;m SMITH;D;WA09
MH11729769;29769;WI;3;03;(WI-03);R. KIND;KIND;D;WI03
MH11720709;20709;FL;16;16;(FL-16);V. BUCHANAN;BUCHANAN;R;FL16
MH11720708;20708;FL;14;14;(FL-14);K. CASTOR;CASTOR;D;FL14
MH11729762;29762;TX;12;12;(TX-12);K. GRANGER;GRANGER;R;TX12
MH11720706;20706;CT;2;02;(CT-02);J. COURTNEY;COURTNEY;D;CT02
MH11720705;20705;CO;7;07;(CO-07);E. PERLMUTTER;PERLMUTTER;D;CO07
MH11720704;20704;CO;5;05;(CO-05);D. LAMBORN;LAMBORN;R;CO05
MH11720703;20703;CA;23;23;(CA-23);K. MCCARTHY;MCCARTHY;R;CA23
MH11720702;20702;CA;9;09;(CA-09);J. McNERNEY;McNERNEY;D;CA09
MH11729323;29323;CA;42;42;(CA-42);K. CALVERT;CALVERT;R;CA42
MH11721562;21562;IL;18;18;(IL-18);D. LaHOOD;LaHOOD;R;IL18
MH11714854;14854;KY;5;05;(KY-05);H. ROGERS;ROGERS;R;KY05
MH11722155;22155;TX;24;24;(TX-24);B. VAN DUYNE;VAN DUYNE;R;TX24
MH11722156;22156;GA;5;05;(GA-05);N. WILLIAMS;WILLIAMS;D;GA05
MH11722157;22157;LA;5;05;(LA-05);J. LETLOW;LETLOW;R;LA05
MH11722150;22150;FL;27;27;(FL-27);M. SALAZAR;SALAZAR;R;FL27
MH11722151;22151;IN;5;05;(IN-05);V. SPARTZ;SPARTZ;R;IN05
MH11722152;22152;CA;48;48;(CA-48);M. STEEL;STEEL;R;CA48
MH11729109;29109;CT;3;03;(CT-03);R. DeLAURO;DeLAURO;D;CT03
MH11729106;29106;CA;43;43;(CA-43);M. WATERS;WATERS;D;CA43
MH11722158;22158;LA;2;02;(LA-02);T. CARTER;CARTER;D;LA02
MH11722159;22159;NM;1;01;(NM-01);M. STANSBURY;STANSBURY;D;NM01
MH11721375;21375;MA;5;05;(MA-05);K. CLARK;CLARK;D;MA05
MH11721371;21371;IL;2;02;(IL-02);R. KELLY;KELLY;D;IL02
MH11721370;21370;WI;2;02;(WI-02);M. POCAN;POCAN;D;WI02
MH11721373;21373;MO;8;08;(MO-08);J. SMITH;SMITH;R;MO08
MH11721372;21372;MI;5;05;(MI-05);D. KILDEE;KILDEE;D;MI05
MH11721502;21502;AZ;7;07;(AZ-07);R. GALLEGO;GALLEGO;D;AZ07
MH11721503;21503;AR;2;02;(AR-02);F. HILL;HILL;R;AR02
MH11721500;21500;AL;6;06;(AL-06);G. PALMER;PALMER;R;AL06
MH11721978;21978;MD;6;06;(MD-06);D. TRONE;TRONE;D;MD06
MH11721506;21506;CA;31;31;(CA-31);P. AGUILAR;AGUILAR;D;CA31
MH11721110;21110;CA;37;37;(CA-37);K. BASS;BASS;D;CA37
MH11721504;21504;CA;11;11;(CA-11);M. DESAULNIER;DESAULNIER;D;CA11
MH11721973;21973;TX;3;03;(TX-03);N. TAYLOR;TAYLOR;R;TX03
MH11721972;21972;MI;11;11;(MI-11);H. STEVENS;STEVENS;D;MI11
MH11721971;21971;FL;17;17;(FL-17);W. STEUBE;STEUBE;R;FL17
MH11721970;21970;WI;1;01;(WI-01);B. STEIL;STEIL;R;WI01
MH11721977;21977;MA;3;03;(MA-03);L. TRAHAN;TRAHAN;D;MA03
MH11721746;21746;FL;9;09;(FL-09);D. SOTO;SOTO;D;FL09
MH11721975;21975;MI;13;13;(MI-13);R. TLAIB;TLAIB;D;MI13
MH11721974;21974;SC;4;04;(SC-04);W. TIMMONS;TIMMONS;R;SC04
MH11721747;21747;NY;3;03;(NY-03);T. SUOZZI;SUOZZI;D;NY03
MH11721188;21188;WV;1;01;(WV-01);D. McKINLEY;McKINLEY;R;WV01
MH11720519;20519;NY;26;26;(NY-26);B. HIGGINS;HIGGINS;D;NY26
MH11721519;21519;IL;12;12;(IL-12);M. BOST;BOST;R;IL12
MH11720517;20517;MO;5;05;(MO-05);E. CLEAVER;CLEAVER;D;MO05
MH11731103;31103;NJ;10;10;(NJ-10);D. PAYNE;PAYNE;D;NJ10
MH11731102;31102;KY;4;04;(KY-04);T. MASSIE;MASSIE;R;KY04
MH11731101;31101;WA;1;01;(WA-01);S. DelBENE;DelBENE;D;WA01
MH11721321;21321;FL;21;21;(FL-21);L. FRANKEL;FRANKEL;D;FL21
MH11720733;20733;NY;9;09;(NY-09);Y. CLARKE;CLARKE;D;NY09
MH11729393;29393;OK;3;03;(OK-03);F. LUCAS;LUCAS;R;OK03
MH11720738;20738;OH;4;04;(OH-04);J. JORDAN;JORDAN;R;OH04
MH11721749;21749;NY;22;22;(NY-22);C. TENNEY;TENNEY;R;NY22
MH11721986;21986;NC;9;09;(NC-09);D. BISHOP;BISHOP;R;NC09
MH11721987;21987;NC;3;03;(NC-03);G. MURPHY;MURPHY;R;NC03
MH11721985;21985;PA;12;12;(PA-12);F. KELLER;KELLER;R;PA12
MH11721983;21983;VA;10;10;(VA-10);J. WEXTON;WEXTON;D;VA10
MH11721981;21981;FL;6;06;(FL-06);M. WALTZ;WALTZ;R;FL06
MH11721988;21988;CA;25;25;(CA-25);M. GARCIA;GARCIA;R;CA25
MH11721989;21989;WI;7;07;(WI-07);T. TIFFANY;TIFFANY;R;WI07
MH11720355;20355;TX;26;26;(TX-26);M. BURGESS;BURGESS;R;TX26
MH11720356;20356;TX;31;31;(TX-31);J. CARTER;CARTER;R;TX31
MH11721312;21312;CA;41;41;(CA-41);M. TAKANO;TAKANO;D;CA41
MH11729729;29729;MA;2;02;(MA-02);J. McGOVERN;McGOVERN;D;MA02
MH11720122;20122;MN;4;04;(MN-04);B. McCOLLUM;McCOLLUM;D;MN04
MH11720124;20124;MO;6;06;(MO-06);S. GRAVES;GRAVES;R;MO06
MH11720903;20903;CA;4;04;(CA-04);T. McCLINTOCK;McCLINTOCK;R;CA04
MH11720902;20902;AZ;2;02;(AZ-02);A. KIRKPATRICK;KIRKPATRICK;D;AZ02
MH11720907;20907;CT;4;04;(CT-04);J. HIMES;HIMES;D;CT04
MH11720909;20909;FL;8;08;(FL-08);B. POSEY;POSEY;R;FL08
MH11721314;21314;CA;51;51;(CA-51);J. VARGAS;VARGAS;D;CA51
MH11729368;29368;MS;2;02;(MS-02);B. THOMPSON;THOMPSON;D;MS02
MH11720329;20329;MD;2;02;(MD-02);C. RUPPERSBERGER;RUPPERSBERGER;D;MD02
MH11722110;22110;GA;9;09;(GA-09);A. CLYDE;CLYDE;R;GA09
MH11722111;22111;FL;19;19;(FL-19);B. DONALDS;DONALDS;R;FL19
MH11722112;22112;TX;4;04;(TX-04);P. FALLON;FALLON;R;TX04
MH11722113;22113;IA;4;04;(IA-04);R. FEENSTRA;FEENSTRA;R;IA04
MH11722114;22114;MN;7;07;(MN-07);M. FISCHBACH;FISCHBACH;R;MN07
MH11722115;22115;WI;5;05;(WI-05);S. FITZGERALD;FITZGERALD;R;WI05
MH11722116;22116;FL;15;15;(FL-15);C. FRANKLIN;FRANKLIN;R;FL15
MH11722117;22117;NY;2;02;(NY-02);A. GARBARINO;GARBARINO;R;NY02
MH11722118;22118;FL;26;26;(FL-26);C. GIMENEZ;GIMENEZ;R;FL26
MH11722119;22119;TX;23;23;(TX-23);T. GONZALES;GONZALES;R;TX23
MH11729760;29760;TX;8;08;(TX-08);K. BRADY;BRADY;R;TX08
MH11721937;21937;NJ;3;03;(NJ-03);A. KIM;KIM;D;NJ03
MH11721936;21936;PA;13;13;(PA-13);J. JOYCE;JOYCE;R;PA13
MH11721935;21935;SD;1;01;(SD-01);D. JOHNSON;JOHNSON;R;SD01
MH11721934;21934;PA;6;06;(PA-06);C. HOULAHAN;HOULAHAN;D;PA06
MH11721931;21931;CT;5;05;(CT-05);J. HAYES;HAYES;D;CT05
MH11721930;21930;CA;10;10;(CA-10);J. HARDER;HARDER;D;CA10
MH11739301;39301;SC;6;06;(SC-06);J. CLYBURN;CLYBURN;D;SC06
MH11739305;39305;TX;30;30;(TX-30);E. JOHNSON;JOHNSON;D;TX30
MH11721939;21939;CA;49;49;(CA-49);M. LEVIN;LEVIN;D;CA49
MH11721938;21938;NV;3;03;(NV-03);S. LEE;LEE;D;NV03
MH11715446;15446;MI;6;06;(MI-06);F. UPTON;UPTON;R;MI06
MH11721304;21304;CA;7;07;(CA-07);A. BERA;BERA;D;CA07
MH11721306;21306;CA;15;15;(CA-15);E. SWALWELL;SWALWELL;D;CA15
MH11721307;21307;CA;21;21;(CA-21);D. VALADAO;VALADAO;R;CA21
MH11721739;21739;AZ;1;01;(AZ-01);T. O'HALLERAN;O'HALLERAN;D;AZ01
MH11721738;21738;FL;7;07;(FL-07);S. MURPHY;MURPHY;D;FL07
MH11721302;21302;CA;1;01;(CA-01);D. LaMALFA;LaMALFA;R;CA01
MH11721303;21303;CA;2;02;(CA-02);J. HUFFMAN;HUFFMAN;D;CA02
MH11721735;21735;FL;18;18;(FL-18);B. MAST;MAST;R;FL18
MH11721736;21736;VA;4;04;(VA-04);A. MCEACHIN;MCEACHIN;D;VA04
MH11721731;21731;TN;8;08;(TN-08);D. KUSTOFF;KUSTOFF;R;TN08
MH11721309;21309;CA;29;29;(CA-29);T. CÁRDENAS;CÁRDENAS;D;CA29
MH11721732;21732;FL;5;05;(FL-05);A. LAWSON;LAWSON;D;FL05
MH11721165;21165;OH;7;07;(OH-07);B. GIBBS;GIBBS;R;OH07
MH11721167;21167;PA;16;16;(PA-16);M. KELLY;KELLY;R;PA16
MH11721162;21162;OH;6;06;(OH-06);B. JOHNSON;JOHNSON;R;OH06
MH11721942;21942;NJ;7;07;(NJ-07);T. MALINOWSKI;MALINOWSKI;D;NJ07
MH11721940;21940;MI;9;09;(MI-09);A. LEVIN;LEVIN;D;MI09
MH11721941;21941;VA;2;02;(VA-02);E. LURIA;LURIA;D;VA02
MH11721946;21946;WV;3;03;(WV-03);C. MILLER;MILLER;R;WV03
MH11721944;21944;GA;6;06;(GA-06);L. McBATH;McBATH;D;GA06
MH11721945;21945;PA;9;09;(PA-09);D. MEUSER;MEUSER;R;PA09
MH11721948;21948;CO;2;02;(CO-02);J. NEGUSE;NEGUSE;D;CO02
MH11721949;21949;NY;14;14;(NY-14);A. OCASIO-CORTEZ;OCASIO-CORTEZ;D;NY14
MH11720542;20542;NJ;8;08;(NJ-08);A. SIRES;SIRES;D;NJ08
MH11721548;21548;PA;2;02;(PA-02);B. BOYLE;BOYLE;D;PA02
MH11721544;21544;NC;7;07;(NC-07);D. ROUZER;ROUZER;R;NC07
MH11721545;21545;NC;12;12;(NC-12);A. ADAMS;ADAMS;D;NC12
MH11721542;21542;NY;24;24;(NY-24);J. KATKO;KATKO;R;NY24
MH11721540;21540;NY;4;04;(NY-04);K. RICE;RICE;D;NY04
MH11721541;21541;NY;21;21;(NY-21);E. STEFANIK;STEFANIK;R;NY21
MH11720944;20944;OR;5;05;(OR-05);K. SCHRADER;SCHRADER;D;OR05
MH11720762;20762;CA;14;14;(CA-14);K. SPEIER;SPEIER;D;CA14
MH11721149;21149;MO;4;04;(MO-04);V. HARTZLER;HARTZLER;R;MO04
MH11729573;29573;TX;18;18;(TX-18);S. JACKSON LEE;JACKSON LEE;D;TX18
MH11729571;29571;TX;35;35;(TX-35);L. DOGGETT;DOGGETT;D;TX35
MH11729778;29778;CA;13;13;(CA-13);B. LEE;LEE;D;CA13
MH11720301;20301;AL;3;03;(AL-03);M. ROGERS;ROGERS;R;AL03
MH11720305;20305;AZ;3;03;(AZ-03);R. GRIJALVA;GRIJALVA;D;AZ03
MH11729776;29776;NY;5;05;(NY-05);G. MEEKS;MEEKS;D;NY05
MH11720119;20119;MA;8;08;(MA-08);S. LYNCH;LYNCH;D;MA08
MH11729339;29339;GA;2;02;(GA-02);S. BISHOP;BISHOP;D;GA02
MH11729504;29504;CA;19;19;(CA-19);Z. LOFGREN;LOFGREN;D;CA19
MH11721744;21744;FL;4;04;(FL-04);J. RUTHERFORD;RUTHERFORD;R;FL04
MH11721745;21745;PA;11;11;(PA-11);L. SMUCKER;SMUCKER;R;PA11
MH11722149;22149;NC;2;02;(NC-02);D. ROSS;ROSS;D;NC02
MH11722148;22148;MT;1;01;(MT-01);M. ROSENDALE;ROSENDALE;R;MT01
MH11721740;21740;CA;20;20;(CA-20);J. PANETTA;PANETTA;D;CA20
MH11721741;21741;MD;8;08;(MD-08);J. RASKIN;RASKIN;D;MD08
MH11722143;22143;TX;22;22;(TX-22);T. NEHLS;NEHLS;R;TX22
MH11722142;22142;IN;1;01;(IN-01);F. MRVAN;MRVAN;D;IN01
MH11722141;22141;UT;1;01;(UT-01);B. D. MOORE;D. MOORE;R;UT01
MH11722140;22140;AL;2;02;(AL-02);B. MOORE;MOORE;R;AL02
MH11722147;22147;TX;11;11;(TX-11);A. PFLUGER;PFLUGER;R;TX11
MH11722146;22146;UT;4;04;(UT-04);B. OWENS;OWENS;R;UT04
MH11722145;22145;CA;8;08;(CA-08);J. OBERNOLTE;OBERNOLTE;R;CA08
MH11722144;22144;IL;3;03;(IL-03);M. NEWMAN;NEWMAN;D;IL03
MH11721340;21340;NH;2;02;(NH-02);A. KUSTER;KUSTER;D;NH02
MH11721342;21342;NY;6;06;(NY-06);G. MENG;MENG;D;NY06
MH11721343;21343;NY;8;08;(NY-08);H. JEFFRIES;JEFFRIES;D;NY08
MH11721344;21344;NY;18;18;(NY-18);S. MALONEY;MALONEY;D;NY18
MH11721346;21346;NC;8;08;(NC-08);R. HUDSON;HUDSON;R;NC08
MH11721510;21510;CO;4;04;(CO-04);K. BUCK;BUCK;R;CO04
MH11721513;21513;GA;1;01;(GA-01);B. CARTER;CARTER;R;GA01
MH11721515;21515;GA;11;11;(GA-11);B. LOUDERMILK;LOUDERMILK;R;GA11
MH11721514;21514;GA;10;10;(GA-10);J. HICE;HICE;R;GA10
MH11721908;21908;VA;6;06;(VA-06);B. CLINE;CLINE;R;VA06
MH11721516;21516;GA;12;12;(GA-12);R. ALLEN;ALLEN;R;GA12
MH11721906;21906;IL;6;06;(IL-06);S. CASTEN;CASTEN;D;IL06
MH11721905;21905;TN;2;02;(TN-02);T. BURCHETT;BURCHETT;R;TN02
MH11721902;21902;IA;3;03;(IA-03);C. AXNE;AXNE;D;IA03
MH11721903;21903;IN;4;04;(IN-04);J. BAIRD;BAIRD;R;IN04
MH11721900;21900;TX;32;32;(TX-32);C. ALLRED;ALLRED;D;TX32
MH11721901;21901;ND;1;01;(ND-01);K. ARMSTRONG;ARMSTRONG;R;ND01
MH11739307;39307;VA;3;03;(VA-03);R. SCOTT;SCOTT;D;VA03
MH11721198;21198;OR;1;01;(OR-01);S. BONAMICI;BONAMICI;D;OR01
MH11720504;20504;FL;23;23;(FL-23);D. WASSERMAN SCHULTZ;WASSERMAN SCHULTZ;D;FL23
MH11721196;21196;NV;2;02;(NV-02);M. AMODEI;AMODEI;R;NV02
MH11721191;21191;VA;9;09;(VA-09);H. GRIFFITH;GRIFFITH;R;VA09
MH11721193;21193;AL;5;05;(AL-05);M. BROOKS;BROOKS;R;AL05
MH11720725;20725;MI;7;07;(MI-07);T. WALBERG;WALBERG;R;MI07
MH11720724;20724;MD;3;03;(MD-03);J. SARBANES;SARBANES;D;MD03
MH11715410;15410;OR;4;04;(OR-04);P. DeFAZIO;DeFAZIO;D;OR04
MH11720723;20723;KY;3;03;(KY-03);J. YARMUTH;YARMUTH;D;KY03
MH11720501;20501;CA;16;16;(CA-16);J. COSTA;COSTA;D;CA16
MH11720729;20729;NE;3;03;(NE-03);Andrian SMITH;rian SMITH;R;NE03
MH11721990;21990;NY;27;27;(NY-27);C. JACOBS;JACOBS;R;NY27
MH11721128;21128;IL;16;16;(IL-16);A. KINZINGER;KINZINGER;R;IL16
MH11720344;20344;OK;4;04;(OK-04);T. COLE;COLE;R;OK04
MH11720343;20343;OH;13;13;(OH-13);T. RYAN;RYAN;D;OH13
MH11720342;20342;OH;10;10;(OH-10);M. TURNER;TURNER;R;OH10
MH11720340;20340;NC;1;01;(NC-01);G. BUTTERFIELD;BUTTERFIELD;D;NC01
MH11721123;21123;GA;8;08;(GA-08);A. SCOTT;SCOTT;R;GA08
MH11720934;20934;NY;20;20;(NY-20);P. TONKO;TONKO;D;NY20
MH11722154;22154;NY;15;15;(NY-15);R. TORRES;TORRES;D;NY15
MH11729377;29377;NY;10;10;(NY-10);J. NADLER;NADLER;D;NY10
MH11729379;29379;NY;12;12;(NY-12);C. MALONEY;MALONEY;D;NY12
MH11729378;29378;NY;7;07;(NY-07);N. VELÁZQUEZ;VELÁZQUEZ;D;NY07
MH11722107;22107;FL;3;03;(FL-03);K. CAMMACK;CAMMACK;R;FL03
MH11722106;22106;MO;1;01;(MO-01);C. BUSH;BUSH;D;MO01
MH11722105;22105;NY;16;16;(NY-16);J. BOWMAN;BOWMAN;D;NY16
MH11722104;22104;GA;7;07;(GA-07);C. BOURDEAUX;BOURDEAUX;D;GA07
MH11722103;22103;CO;3;03;(CO-03);L. BOEBERT;BOEBERT;R;CO03
MH11722102;22102;OK;5;05;(OK-05);S. BICE;BICE;R;OK05
MH11722101;22101;OR;2;02;(OR-02);C. BENTZ;BENTZ;R;OR02
MH11722100;22100;MA;4;04;(MA-04);J. AUCHINCLOSS;AUCHINCLOSS;D;MA04
MH11722153;22153;WA;10;10;(WA-10);M. STRICKLAND;STRICKLAND;D;WA10
MH11722109;22109;NC;11;11;(NC-11);M. CAWTHORN;CAWTHORN;R;NC11
MH11722108;22108;AL;1;01;(AL-01);J. CARL;CARL;R;AL01
MH11714873;14873;MD;5;05;(MD-05);S. HOYER;HOYER;D;MD05
MH11715454;15454;NJ;6;06;(NJ-06);F. PALLONE;PALLONE;D;NJ06
MH11721313;21313;CA;47;47;(CA-47);A. LOWENTHAL;LOWENTHAL;D;CA47
MH11721308;21308;CA;26;26;(CA-26);J. BROWNLEY;BROWNLEY;D;CA26
MH11721311;21311;CA;36;36;(CA-36);R. RUIZ;RUIZ;D;CA36
MH11721315;21315;CA;52;52;(CA-52);S. PETERS;PETERS;D;CA52
MH11721730;21730;IL;8;08;(IL-08);S. KRISHNAMOORTHI;KRISHNAMOORTHI;D;IL08
MH11721700;21700;TX;19;19;(TX-19);J. ARRINGTON;ARRINGTON;R;TX19
MH11721701;21701;NE;2;02;(NE-02);D. BACON;BACON;R;NE02
MH11721702;21702;IN;3;03;(IN-03);J. BANKS;BANKS;R;IN03
MH11721703;21703;CA;44;44;(CA-44);N. BARRAGÁN;BARRAGÁN;D;CA44
MH11721704;21704;MI;1;01;(MI-01);J. BERGMAN;BERGMAN;R;MI01
MH11721705;21705;AZ;5;05;(AZ-05);A. BIGGS;BIGGS;R;AZ05
MH11721706;21706;DE;1;01;(DE-01);L. BLUNT ROCHESTER;BLUNT ROCHESTER;D;DE01
MH11721707;21707;MD;4;04;(MD-04);A. BROWN;BROWN;D;MD04
MH11721708;21708;NC;13;13;(NC-13);T. BUDD;BUDD;R;NC13
MH11721709;21709;CA;24;24;(CA-24);S. CARBAJAL;CARBAJAL;D;CA24
MH11721172;21172;RI;1;01;(RI-01);D. CICILLINE;CICILLINE;D;RI01
MH11721174;21174;SC;3;03;(SC-03);J. DUNCAN;DUNCAN;R;SC03
MH11721179;21179;TN;4;04;(TN-04);S. DESJARLAIS;DESJARLAIS;R;TN04
MH11721178;21178;TN;3;03;(TN-03);C. FLEISCHMANN;FLEISCHMANN;R;TN03
MH11721755;21755;UT;3;03;(UT-03);J. CURTIS;CURTIS;R;UT03
MH11721951;21951;NH;1;01;(NH-01);C. PAPPAS;PAPPAS;D;NH01
MH11721950;21950;MN;5;05;(MN-05);I. OMAR;OMAR;D;MN05
MH11721953;21953;MN;3;03;(MN-03);D. PHILLIPS;PHILLIPS;D;MN03
MH11721952;21952;IN;6;06;(IN-06);G. PENCE;PENCE;R;IN06
MH11721955;21955;MA;7;07;(MA-07);A. PRESSLEY;PRESSLEY;D;MA07
MH11721954;21954;CA;45;45;(CA-45);K. PORTER;PORTER;D;CA45
MH11721956;21956;PA;14;14;(PA-14);G. RESCHENTHALER;RESCHENTHALER;R;PA14
MH11721959;21959;TN;6;06;(TN-06);J. ROSE;ROSE;R;TN06
MH11721337;21337;MO;2;02;(MO-02);A. WAGNER;WAGNER;R;MO02
MH11721559;21559;WI;6;06;(WI-06);G. GROTHMAN;GROTHMAN;R;WI06
MH11721554;21554;VA;8;08;(VA-08);D. BEYER;BEYER;D;VA08
MH11721557;21557;WV;2;02;(WV-02);A. MOONEY;MOONEY;R;WV02
MH11721556;21556;WA;4;04;(WA-04);D. NEWHOUSE;NEWHOUSE;R;WA04
MH11721551;21551;TX;36;36;(TX-36);B. BABIN;BABIN;R;TX36
MH11720758;20758;FL;12;12;(FL-12);G. BILIRAKIS;BILIRAKIS;R;FL12
MH11720759;20759;LA;1;01;(LA-01);S. SCALISE;SCALISE;R;LA01
MH11720755;20755;OH;5;05;(OH-05);R. LATTA;LATTA;R;OH05
MH11720756;20756;VA;1;01;(VA-01);R. WITTMAN;WITTMAN;R;VA01
MH11720757;20757;IN;7;07;(IN-07);A. CARSON;CARSON;D;IN07
MH11720750;20750;VT;1;01;(VT-01);P. WELCH;WELCH;D;VT01
MH11729588;29588;OR;3;03;(OR-03);E. BLUMENAUER;BLUMENAUER;D;OR03
MH11729741;29741;NJ;9;09;(NJ-09);W. PASCRELL;PASCRELL;D;NJ09